{"acc": [0.7300000005960464, 0.823999997973442, 0.8579999947547913, 0.8909999942779541, 0.8989999926090241, 0.9259999942779541, 0.9349999940395355, 0.9469999939203262, 0.9519999945163726, 0.9519999939203262], "loss": [0.8206968012079596, 0.42048803633078935, 0.35857476233504715, 0.2568228750210255, 0.2820451520511415, 0.21545338776893913, 0.18828501155017874, 0.1512742944099864, 0.15356146623784298, 0.13545009556532023], "val_acc": [0.8887499928474426, 0.8949999913573266, 0.8662499945610762, 0.8812499932944775, 0.8749999940395355, 0.7600000027567149, 0.8987499929964542, 0.8549999963492155, 0.8949999935925007, 0.8812499940395355], "val_loss": [0.2771752838045359, 0.2723875773139298, 0.3470453655696474, 0.3476886470976751, 0.44485665480024184, 0.8424617642955582, 0.35104394109221176, 0.5352662639399568, 0.4238877852476435, 0.5410718971877941]}