{"acc": [0.7739999975264072, 0.8574999944865703, 0.8789999938011169, 0.8939999940991402, 0.9139999923110008, 0.9249999919533729, 0.9324999922513961, 0.9469999927282333, 0.9464999935030938, 0.943499992787838], "loss": [0.6126389860361815, 0.36278816594276575, 0.3356113167805597, 0.27509009661036543, 0.23266049000201747, 0.21068642600163, 0.2024724305878044, 0.14964373266459005, 0.14392518324311823, 0.1449415640042389], "val_acc": [0.8224999975413084, 0.8062499968335033, 0.8999999925494194, 0.8399999983608722, 0.8837499968707562, 0.8937499947845936, 0.8899999931454659, 0.8762499962002039, 0.8937499947845936, 0.8887499943375587], "val_loss": [0.3568237492348999, 0.5081680787086953, 0.2621037650154904, 0.5106732615728106, 0.35090164838329657, 0.3303771852341015, 0.38277372428856327, 0.4946564441468581, 0.4245302713945421, 0.47345451697797214]}